material,growth_rate_long_pct,scenario_cv,import_dependency,hhi_wgi,us_capacity_ratio,global_capacity_ratio,global_reserve_coverage,domestic_reserve_share,reserves_high_risk_frac,reserves_china_frac,import_china_frac,import_hhi,production_hhi_mining,production_hhi_processing,production_hhi,excluded_from_criticality,zero_demand
Aluminum,-1.1831215605572099,0.22812174373384475,0.442,0.00876960240421339,0.9846709030441658,0.011433123263123925,0.0,0.0,,,0.0,0.4236280313699937,0.4542958589142639,,0.4542958589142639,False,False
Boron,-3.819973808331567,0.232814049058954,0.0,0.30086970571428573,,1.1368186751378202e-05,892.0537824371407,0.04419482552251174,0.9198968787404475,0.00837860233864285,0.011200000000000002,0.40853852,0.4533658289003059,,0.4533658289003059,False,False
Cadmium,-1.2500837188877068,0.2424402318987774,0.15,0.1327942158231559,2.044323993894565,0.022811248565206853,0.0,0.0,,,0.363681891025641,0.24787921892977485,0.2091677341402002,,0.2091677341402002,False,False
Cement,-1.7352282506315486,0.3094965786568706,0.2,0.05763658646303069,0.01318179046467988,0.0005507062056753032,0.0,0.0,,,0.0,0.17829453996633135,0.28746865023088797,,0.28746865023088797,False,False
Chromium,-3.1001382219515428,0.30262187329730555,0.77,0.11608055615066663,0.1368147123595567,0.0003202046459478986,3.4760076519064524,0.000525,0.7391666666666666,0.0,0.0,0.18978256543487138,0.29485537190082645,,0.29485537190082645,False,False
Copper,-1.530364963769093,0.24516542913441697,0.418,0.004437601428571429,0.2540939445991246,0.010225624135693466,0.17764367022815866,0.04795918367346939,0.0836734693877551,0.04183673469387755,0.0,0.4908485600000002,0.13776635825228947,,0.13776635825228947,False,False
Dysprosium,-3.2758298766811245,0.2989288783405195,0.945,0.36038535503942426,0.010043600871630282,0.0010932845841110776,9.208860651874327,0.021111111111111112,0.49877777777777776,0.4888888888888889,0.5994400559944005,0.396999366156775,0.4951157359721789,1.0,1.0,False,False
Fiberglass,-3.2247791582924568,0.3065728712013453,,,0.0,0.0,0.0,0.0,,,,,,,,True,False
Gadium,-18.145326929309725,0.0,0.945,0.36038535503942426,0.0,0.0,0.0,0.021111111111111112,0.49877777777777776,0.4888888888888889,0.5994400559944005,0.396999366156775,0.4951157359721789,1.0,1.0,False,True
Gallium,-18.145326929309725,0.0,1.0,0.08124050438070354,0.0,0.0,0.0,0.0,,,0.2745549109821964,0.179245290946567,0.9688449376898755,,0.9688449376898755,False,True
Germanium,-18.145326929309725,0.0,0.75,0.3182109199999999,0.0,0.0,0.0,0.0,,,0.5631999999999999,0.45566853999999984,0.81,,0.81,False,True
Glass,-1.1518087014355638,0.22493314873949208,,,0.0,0.0,0.0,0.0,,,,,,,,True,False
Indium,-1.250083718887729,0.2424402318987773,1.0,0.012934811428571428,,0.11611076815031615,0.0005914062889322465,0.0,0.6116666666666667,0.6111111111111112,0.1056,0.20423848000000006,0.5306074768369444,,0.5306074768369444,False,False
Lead,-3.2374514009769095,0.3021974306426859,0.32,0.01625887285714286,0.8275639609578426,0.05554301375172869,0.01754346398474835,0.04791666666666667,0.2833333333333333,0.22916666666666666,0.0524,0.12985457999999997,0.28135193662454433,,0.28135193662454433,False,False
Magnesium,-1.1147223867032485,0.22028344139723757,0.775,0.03444028731242036,0.016816335233799894,0.0017858948018295488,0.048554776545248556,0.030418250950570328,0.8797528517110266,0.8555133079847909,0.0484951504849515,0.1416707144404048,0.8279801286600581,,0.8279801286600581,False,False
Manganese,-2.1889030034303536,0.31753257326398,1.0,0.03911708302543426,,0.0013786671192496406,2.723706029240326,0.0,0.20823529411764705,0.16470588235294117,0.0,0.1272503988072575,0.2508296219876345,,0.2508296219876345,False,False
Molybdenum,-2.608388133917272,0.2886111602101298,0.0,0.009092817059945553,0.11425747230798346,0.017033152410220923,0.1473706488036187,0.2333333333333333,0.4154,0.3933333333333333,0.0098990100989901,0.5018310787659361,0.24047822723075613,,0.24047822723075613,False,False
Neodymium,-3.261045104605087,0.3011136202814889,0.945,0.36038535503942426,0.09462243192595544,0.010300015647570734,0.9777880161831881,0.021111111111111112,0.49877777777777776,0.4888888888888889,0.5994400559944005,0.396999366156775,0.4951157359721789,0.7325439999999999,0.7325439999999999,False,False
Nickel,-2.191730335746034,0.3190578759359802,0.502,0.006890163327004394,0.47790693046313354,0.001989126143008718,0.7733656854145862,0.0023846153846153848,0.033846153846153845,0.033846153846153845,0.0,0.3076514766281596,0.45075352977627536,,0.45075352977627536,False,False
Niobium,-3.250552747651003,0.3026783369864201,1.0,0.19581756167234704,,0.01197131078770123,0.5635362392433162,0.012352941176470587,0.0,0.0,0.0,0.509100224864025,0.8561584398609082,,0.8561584398609082,False,False
Praseodymium,-3.883615837204102,0.22665729299277915,0.945,0.36038535503942426,0.005109835204712148,0.0005562252152452431,17.71255428573863,0.021111111111111112,0.49877777777777776,0.4888888888888889,0.5994400559944005,0.396999366156775,0.4951157359721789,0.7325439999999999,0.7325439999999999,False,False
Selenium,-18.145326929309725,0.0,0.775,0.07746397391958029,0.0,0.0,0.0,0.10869565217391187,0.05434782608695652,0.05434782608695652,0.0,0.22187684186167092,0.29595711353832505,,0.29595711353832505,False,True
Silicon,-1.1157662800189372,0.22044276253262488,0.25,0.08634048151861319,,0.026966259892006808,0.0,0.0,,,0.028802880288028798,0.1508435171950038,0.5099773692456551,,0.5099773692456551,False,False
Silver,-1.1021512159770208,0.22068261232469352,0.7120000000000001,0.1076055193320835,0.2674282098912754,0.03741872492367609,0.028010982198740778,0.03593749999999994,0.15390625,0.109375,0.009201840368073614,0.2824616333548766,0.13341204250295158,,0.13341204250295158,False,False
Steel,-1.4864577990267858,0.2552864405935113,0.136,0.18435323857142857,0.08593347628779188,0.00363091551388628,0.0,0.0,,,0.0063,0.29553096,0.36922517799500926,,0.36922517799500926,False,False
Tellurium,-1.2500837188877068,0.24244023189877736,0.57,0.01021237380120793,,0.6101578212204952,0.002411623310816776,0.10857142857142547,0.08857142857142858,0.08857142857142858,0.0405040504050405,0.5167540756475888,0.5978328298840041,,0.5978328298840041,False,False
Terbium,-3.2526163154258603,0.30236965772661356,0.945,0.36038535503942426,0.005074254889686835,0.0005523521611073722,18.236812219266607,0.021111111111111112,0.49877777777777776,0.4888888888888889,0.5994400559944005,0.396999366156775,0.4951157359721789,1.0,1.0,False,False
Tin,-1.1169501678866767,0.22062370704943352,0.76,0.12218040142857145,1.1277657125263796,0.06533522694569494,0.008828738151152933,0.0,0.3333333333333333,0.23809523809523808,0.007400000000000001,0.20065544000000005,0.13343555952960184,,0.13343555952960184,False,False
Vanadium,-3.2502059329812205,0.30273026069487075,0.552,0.02661306131745741,0.6322053145724567,0.03188464283514728,0.24643459292761483,0.0025,0.22777777777777777,0.22777777777777777,0.0,0.1692390986078658,0.5079649354321802,,0.5079649354321802,False,False
Yttrium,-3.1281470790428645,0.32184220469380714,1.0,0.052393094904845276,,0.00010232101621365254,0.0,0.0,,,0.22790277219766975,0.2257077182189016,0.4951157359721789,1.0,1.0,False,False
Zinc,-3.12814707904272,0.3218422046938074,0.762,0.011598973964517449,0.8564523006770709,0.015130657311961586,0.055455594779408215,0.04,0.23304347826086957,0.2,0.0,0.4032998659401893,0.2019348783481337,,0.2019348783481337,False,False
